Week,Date,Day,Format,Title / Asset,Pillar,Platforms,Asset status,Copy status,Reference link,Notes
W1: Oct 1-4,,,,SAMPLE MONTH: HAIR PLAN SEASON,,,,,,This is a sample. Replace the rows with your own plan.
,01 Oct,Thu,Carousel,What a hair plan actually is,Educational,"IG, FB, LinkedIn, TikTok, GBP",Posted,Posted,,
,03 Oct,Sat,Static,Stylist work highlight,Work highlight,"IG, FB, GBP",Posted,Posted,,Confirm the stylist handle before crediting
W2: Oct 5-11,,,,BLONDE EDUCATION,,,,,,
,05 Oct,Mon,Reel,How many sessions to go blonde from dark?,Educational,"IG, FB, TikTok, YT Shorts, GBP",Ready,Written,,Answer in the first line: 2 to 3 sessions
,06 Oct,Tue,Story,Hair plan FAQ: how often should I book?,FAQ,"IG Story, FB Story",Ready,To write,,
,08 Oct,Thu,Carousel,Brassy or flat? It is a dimension question,Educational,"IG, FB, LinkedIn, TikTok, GBP",To produce,To write,,
,10 Oct,Sat,Static,Client review of the week,Social proof,"IG, FB, GBP",Ready,To write,,"Use a Google review, first name only"
W3: Oct 12-18,,,,BRUNETTE + GLOSS,,,,,,
,12 Oct,Mon,Reel,"Expensive brunette is not darker, it is richer",Educational,"IG, FB, TikTok, YT Shorts, GBP",To produce,To write,,
,13 Oct,Tue,Story,Quiz: which gloss does your hair need?,Quiz,"IG Story, FB Story",To produce,To write,,
,14 Oct,Wed,Carousel,"Gloss, bond or deep conditioning: which one?",Educational,"IG, FB, LinkedIn, TikTok, GBP",To produce,To write,,
,16 Oct,Fri,Reel,"Transformation edit, stylist TBC",Work highlight,"IG, FB, TikTok, YT Shorts, GBP",AWAITING,To write,,BLOCKER: video file not received
,17 Oct,Sat,Static,Stylist work highlight,Work highlight,"IG, FB, GBP",Ready,To write,,
W4: Oct 19-25,,,,CONFIDENCE MAPPING,,,,,,
,19 Oct,Mon,Carousel,Confidence Mapping: your plan before the chair,Consultation,"IG, FB, LinkedIn, TikTok, GBP",To produce,To write,,
,20 Oct,Tue,Story,Consultation FAQ: do I need one before colour?,FAQ,"IG Story, FB Story",To produce,To write,,
,21 Oct,Wed,Reel,Behind the chair: a consultation in 30 seconds,Brand,"IG, FB, TikTok, YT Shorts, GBP",To produce,To write,,Film at Al Quoz
,23 Oct,Fri,Carousel,Why we map colour in stages,Educational,"IG, FB, LinkedIn, TikTok, GBP",To produce,To write,,
,24 Oct,Sat,Static,Team spotlight,Brand,"IG, FB, LinkedIn, GBP",To produce,To write,,Ask the team member before posting
W5: Oct 26-31,,,,MONTH CLOSE,,,,,,
,26 Oct,Mon,Reel,Your hair calendar for the next 3 months,Educational,"IG, FB, TikTok, YT Shorts, GBP",To produce,To write,,
,27 Oct,Tue,Story,Quiz: what is your hair goal this season?,Quiz,"IG Story, FB Story",To produce,To write,,
,29 Oct,Thu,Carousel,October recap: before and after,Social proof,"IG, FB, LinkedIn, TikTok, GBP",To produce,To write,,BLOCKER: client photo consent pending
,31 Oct,Sat,Static,Book your November hair plan,Booking,"IG, FB, GBP",To produce,To write,,
